SCAN_F_CH03,Disgust.rar
SCAN_F_CH03,Desire.rar
SCAN_F_CH03,Sad1.rar
SCAN_F_CH03,Angry1.rar
SCAN_F_CH03,Fear.rar
SCAN_F_CH03,Surprised.rar
SCAN_F_CH03,Concentrate.rar
SCAN_F_CH03,Happy.rar
DAZ_F_CH010,Disgust.rar
DAZ_F_CH010,Desire.rar
DAZ_F_CH010,Sad1.rar
DAZ_F_CH010,Angry1.rar
DAZ_F_CH010,Fear.rar
DAZ_F_CH010,Surprised.rar
DAZ_F_CH010,Concentrate.rar
DAZ_F_CH010,Happy.rar
SCAN_M_CH03,Disgust.rar
SCAN_M_CH03,Desire.rar
SCAN_M_CH03,Sad1.rar
SCAN_M_CH03,Angry1.rar
SCAN_M_CH03,Fear.rar
SCAN_M_CH03,Surprised.rar
SCAN_M_CH03,Concentrate.rar
SCAN_M_CH03,Happy.rar
SCAN_M_CH07,Disgust.rar
SCAN_M_CH07,Desire.rar
SCAN_M_CH07,Sad1.rar
SCAN_M_CH07,Angry1.rar
SCAN_M_CH07,Fear.rar
SCAN_M_CH07,Surprised.rar
SCAN_M_CH07,Concentrate.rar
SCAN_M_CH07,Happy.rar
DAZ_M_CH38,Disgust.rar
DAZ_M_CH38,Desire.rar
DAZ_M_CH38,Sad1.rar
DAZ_M_CH38,Angry1.rar
DAZ_M_CH38,Fear.rar
DAZ_M_CH38,Surprised.rar
DAZ_M_CH38,Concentrate.rar
DAZ_M_CH38,Happy.rar
DAZ_F_CH044,Disgust.rar
DAZ_F_CH044,Desire.rar
DAZ_F_CH044,Sad1.rar
DAZ_F_CH044,Angry1.rar
DAZ_F_CH044,Fear.rar
DAZ_F_CH044,Surprised.rar
DAZ_F_CH044,Concentrate.rar
DAZ_F_CH044,Happy.rar
DAZ_M_CH02,Disgust.rar
DAZ_M_CH02,Desire.rar
DAZ_M_CH02,Sad1.rar
DAZ_M_CH02,Angry1.rar
DAZ_M_CH02,Fear.rar
DAZ_M_CH02,Surprised.rar
DAZ_M_CH02,Concentrate.rar
DAZ_M_CH02,Happy.rar
SCAN_M_CH09,Disgust.rar
SCAN_M_CH09,Desire.rar
SCAN_M_CH09,Sad1.rar
SCAN_M_CH09,Angry1.rar
SCAN_M_CH09,Fear.rar
SCAN_M_CH09,Surprised.rar
SCAN_M_CH09,Concentrate.rar
SCAN_M_CH09,Happy.rar
DAZ_F_CH113,Disgust.rar
DAZ_F_CH113,Desire.rar
DAZ_F_CH113,Sad1.rar
DAZ_F_CH113,Angry1.rar
DAZ_F_CH113,Fear.rar
DAZ_F_CH113,Surprised.rar
DAZ_F_CH113,Concentrate.rar
DAZ_F_CH113,Happy.rar
DAZ_F_CH049,Disgust.rar
DAZ_F_CH049,Desire.rar
DAZ_F_CH049,Sad1.rar
DAZ_F_CH049,Angry1.rar
DAZ_F_CH049,Fear.rar
DAZ_F_CH049,Surprised.rar
DAZ_F_CH049,Concentrate.rar
DAZ_F_CH049,Happy.rar
COMA_CH09,Disgust.rar
COMA_CH09,Desire.rar
COMA_CH09,Sad1.rar
COMA_CH09,Angry1.rar
COMA_CH09,Fear.rar
COMA_CH09,Surprised.rar
COMA_CH09,Concentrate.rar
COMA_CH09,Happy.rar
COMA_CH10,Disgust.rar
COMA_CH10,Desire.rar
COMA_CH10,Sad1.rar
COMA_CH10,Angry1.rar
COMA_CH10,Fear.rar
COMA_CH10,Surprised.rar
COMA_CH10,Concentrate.rar
COMA_CH10,Happy.rar
DAZ_F_CH110,Disgust.rar
DAZ_F_CH110,Desire.rar
DAZ_F_CH110,Sad1.rar
DAZ_F_CH110,Angry1.rar
DAZ_F_CH110,Fear.rar
DAZ_F_CH110,Surprised.rar
DAZ_F_CH110,Concentrate.rar
DAZ_F_CH110,Happy.rar
COMA_CH11,Disgust.rar
COMA_CH11,Desire.rar
COMA_CH11,Sad1.rar
COMA_CH11,Angry1.rar
COMA_CH11,Fear.rar
COMA_CH11,Surprised.rar
COMA_CH11,Concentrate.rar
COMA_CH11,Happy.rar
DAZ_F_CH028,Disgust.rar
DAZ_F_CH028,Desire.rar
DAZ_F_CH028,Sad1.rar
DAZ_F_CH028,Angry1.rar
DAZ_F_CH028,Fear.rar
DAZ_F_CH028,Surprised.rar
DAZ_F_CH028,Concentrate.rar
DAZ_F_CH028,Happy.rar
DAZ_M_CH35,Disgust.rar
DAZ_M_CH35,Desire.rar
DAZ_M_CH35,Sad1.rar
DAZ_M_CH35,Angry1.rar
DAZ_M_CH35,Fear.rar
DAZ_M_CH35,Surprised.rar
DAZ_M_CH35,Concentrate.rar
DAZ_M_CH35,Happy.rar
SCAN_M_CH01,Disgust.rar
SCAN_M_CH01,Desire.rar
SCAN_M_CH01,Sad1.rar
SCAN_M_CH01,Angry1.rar
SCAN_M_CH01,Fear.rar
SCAN_M_CH01,Surprised.rar
SCAN_M_CH01,Concentrate.rar
SCAN_M_CH01,Happy.rar
SCAN_M_CH14,Sad1
SCAN_M_CH14,Happy
SCAN_M_CH14,Angry1
SCAN_M_CH14,Concentrate
SCAN_M_CH14,Surprised
SCAN_M_CH14,Desire
SCAN_M_CH14,Fear
SCAN_M_CH14,Disgust
DAZ_M_CH24,Disgust.rar
DAZ_M_CH24,Desire.rar
DAZ_M_CH24,Sad1.rar
DAZ_M_CH24,Angry1.rar
DAZ_M_CH24,Fear.rar
DAZ_M_CH24,Surprised.rar
DAZ_M_CH24,Concentrate.rar
DAZ_M_CH24,Happy.rar
DAZ_M_CH26,Disgust.rar
DAZ_M_CH26,Desire.rar
DAZ_M_CH26,Sad1.rar
DAZ_M_CH26,Angry1.rar
DAZ_M_CH26,Fear.rar
DAZ_M_CH26,Surprised.rar
DAZ_M_CH26,Concentrate.rar
DAZ_M_CH26,Happy.rar
SCAN_M_CH06,Disgust.rar
SCAN_M_CH06,Desire.rar
SCAN_M_CH06,Sad1.rar
SCAN_M_CH06,Angry1.rar
SCAN_M_CH06,Fear.rar
SCAN_M_CH06,Surprised.rar
SCAN_M_CH06,Concentrate.rar
SCAN_M_CH06,Happy.rar
DAZ_M_CH14,Disgust.rar
DAZ_M_CH14,Desire.rar
DAZ_M_CH14,Sad1.rar
DAZ_M_CH14,Angry1.rar
DAZ_M_CH14,Fear.rar
DAZ_M_CH14,Surprised.rar
DAZ_M_CH14,Concentrate.rar
DAZ_M_CH14,Happy.rar
COMA_CH05,Disgust.rar
COMA_CH05,Desire.rar
COMA_CH05,Sad1.rar
COMA_CH05,Angry1.rar
COMA_CH05,Fear.rar
COMA_CH05,Surprised.rar
COMA_CH05,Concentrate.rar
COMA_CH05,Happy.rar
DAZ_F_CH076,Disgust.rar
DAZ_F_CH076,Desire.rar
DAZ_F_CH076,Sad1.rar
DAZ_F_CH076,Angry1.rar
DAZ_F_CH076,Fear.rar
DAZ_F_CH076,Surprised.rar
DAZ_F_CH076,Concentrate.rar
DAZ_F_CH076,Happy.rar
DAZ_M_CH11,Disgust.rar
DAZ_M_CH11,Desire.rar
DAZ_M_CH11,Sad1.rar
DAZ_M_CH11,Angry1.rar
DAZ_M_CH11,Fear.rar
DAZ_M_CH11,Surprised.rar
DAZ_M_CH11,Concentrate.rar
DAZ_M_CH11,Happy.rar
DAZ_F_CH109,Disgust.rar
DAZ_F_CH109,Desire.rar
DAZ_F_CH109,Sad1.rar
DAZ_F_CH109,Angry1.rar
DAZ_F_CH109,Fear.rar
DAZ_F_CH109,Surprised.rar
DAZ_F_CH109,Concentrate.rar
DAZ_F_CH109,Happy.rar
COMA_CH06,Disgust.rar
COMA_CH06,Desire.rar
COMA_CH06,Sad1.rar
COMA_CH06,Angry1.rar
COMA_CH06,Fear.rar
COMA_CH06,Surprised.rar
COMA_CH06,Concentrate.rar
COMA_CH06,Happy.rar
SCAN_M_CH15,Disgust.rar
SCAN_M_CH15,Desire.rar
SCAN_M_CH15,Sad1.rar
SCAN_M_CH15,Angry1.rar
SCAN_M_CH15,Fear.rar
SCAN_M_CH15,Surprised.rar
SCAN_M_CH15,Concentrate.rar
SCAN_M_CH15,Happy.rar
SCAN_M_CH13,Disgust.rar
SCAN_M_CH13,Desire.rar
SCAN_M_CH13,Sad1.rar
SCAN_M_CH13,Angry1.rar
SCAN_M_CH13,Fear.rar
SCAN_M_CH13,Surprised.rar
SCAN_M_CH13,Concentrate.rar
SCAN_M_CH13,Happy.rar
DAZ_F_CH050,Disgust.rar
DAZ_F_CH050,Desire.rar
DAZ_F_CH050,Sad1.rar
DAZ_F_CH050,Angry1.rar
DAZ_F_CH050,Fear.rar
DAZ_F_CH050,Surprised.rar
DAZ_F_CH050,Concentrate.rar
DAZ_F_CH050,Happy.rar
SCAN_M_CH02,Disgust.rar
SCAN_M_CH02,Desire.rar
SCAN_M_CH02,Sad1.rar
SCAN_M_CH02,Angry1.rar
SCAN_M_CH02,Fear.rar
SCAN_M_CH02,Surprised.rar
SCAN_M_CH02,Concentrate.rar
SCAN_M_CH02,Happy.rar
DAZ_F_CH043,Disgust.rar
DAZ_F_CH043,Desire.rar
DAZ_F_CH043,Sad1.rar
DAZ_F_CH043,Angry1.rar
DAZ_F_CH043,Fear.rar
DAZ_F_CH043,Surprised.rar
DAZ_F_CH043,Concentrate.rar
DAZ_F_CH043,Happy.rar
DAZ_F_CH048,Disgust.rar
DAZ_F_CH048,Desire.rar
DAZ_F_CH048,Sad1.rar
DAZ_F_CH048,Angry1.rar
DAZ_F_CH048,Fear.rar
DAZ_F_CH048,Surprised.rar
DAZ_F_CH048,Concentrate.rar
DAZ_F_CH048,Happy.rar
DAZ_F_CH057,Disgust.rar
DAZ_F_CH057,Desire.rar
DAZ_F_CH057,Sad1.rar
DAZ_F_CH057,Angry1.rar
DAZ_F_CH057,Fear.rar
DAZ_F_CH057,Surprised.rar
DAZ_F_CH057,Concentrate.rar
DAZ_F_CH057,Happy.rar
COMA_CH02,Disgust.rar
COMA_CH02,Desire.rar
COMA_CH02,Sad1.rar
COMA_CH02,Angry1.rar
COMA_CH02,Fear.rar
COMA_CH02,Surprised.rar
COMA_CH02,Concentrate.rar
COMA_CH02,Happy.rar
DAZ_F_CH115,Disgust.rar
DAZ_F_CH115,Desire.rar
DAZ_F_CH115,Sad1.rar
DAZ_F_CH115,Angry1.rar
DAZ_F_CH115,Fear.rar
DAZ_F_CH115,Surprised.rar
DAZ_F_CH115,Concentrate.rar
DAZ_F_CH115,Happy.rar
DAZ_M_CH33,Disgust.rar
DAZ_M_CH33,Desire.rar
DAZ_M_CH33,Sad1.rar
DAZ_M_CH33,Angry1.rar
DAZ_M_CH33,Fear.rar
DAZ_M_CH33,Surprised.rar
DAZ_M_CH33,Concentrate.rar
DAZ_M_CH33,Happy.rar
DAZ_F_CH040,Disgust.rar
DAZ_F_CH040,Desire.rar
DAZ_F_CH040,Sad1.rar
DAZ_F_CH040,Angry1.rar
DAZ_F_CH040,Fear.rar
DAZ_F_CH040,Surprised.rar
DAZ_F_CH040,Concentrate.rar
DAZ_F_CH040,Happy.rar
DAZ_F_CH111,Disgust.rar
DAZ_F_CH111,Desire.rar
DAZ_F_CH111,Sad1.rar
DAZ_F_CH111,Angry1.rar
DAZ_F_CH111,Fear.rar
DAZ_F_CH111,Surprised.rar
DAZ_F_CH111,Concentrate.rar
DAZ_F_CH111,Happy.rar
DAZ_F_CH086,Disgust.rar
DAZ_F_CH086,Desire.rar
DAZ_F_CH086,Sad1.rar
DAZ_F_CH086,Angry1.rar
DAZ_F_CH086,Fear.rar
DAZ_F_CH086,Surprised.rar
DAZ_F_CH086,Concentrate.rar
DAZ_F_CH086,Happy.rar
DAZ_F_CH046,Disgust.rar
DAZ_F_CH046,Desire.rar
DAZ_F_CH046,Sad1.rar
DAZ_F_CH046,Angry1.rar
DAZ_F_CH046,Fear.rar
DAZ_F_CH046,Surprised.rar
DAZ_F_CH046,Concentrate.rar
DAZ_F_CH046,Happy.rar
DAZ_M_CH06,Disgust.rar
DAZ_M_CH06,Desire.rar
DAZ_M_CH06,Sad1.rar
DAZ_M_CH06,Angry1.rar
DAZ_M_CH06,Fear.rar
DAZ_M_CH06,Surprised.rar
DAZ_M_CH06,Concentrate.rar
DAZ_M_CH06,Happy.rar
COMA_CH12,Disgust.rar
COMA_CH12,Desire.rar
COMA_CH12,Sad1.rar
COMA_CH12,Angry1.rar
COMA_CH12,Fear.rar
COMA_CH12,Surprised.rar
COMA_CH12,Concentrate.rar
COMA_CH12,Happy.rar
DAZ_M_CH36,Disgust.rar
DAZ_M_CH36,Desire.rar
DAZ_M_CH36,Sad1.rar
DAZ_M_CH36,Angry1.rar
DAZ_M_CH36,Fear.rar
DAZ_M_CH36,Surprised.rar
DAZ_M_CH36,Concentrate.rar
DAZ_M_CH36,Happy.rar
DAZ_M_CH22,Disgust.rar
DAZ_M_CH22,Desire.rar
DAZ_M_CH22,Sad1.rar
DAZ_M_CH22,Angry1.rar
DAZ_M_CH22,Fear.rar
DAZ_M_CH22,Surprised.rar
DAZ_M_CH22,Concentrate.rar
DAZ_M_CH22,Happy.rar
DAZ_F_CH033,Disgust.rar
DAZ_F_CH033,Desire.rar
DAZ_F_CH033,Sad1.rar
DAZ_F_CH033,Angry1.rar
DAZ_F_CH033,Fear.rar
DAZ_F_CH033,Surprised.rar
DAZ_F_CH033,Concentrate.rar
DAZ_F_CH033,Happy.rar
DAZ_F_CH112,Disgust.rar
DAZ_F_CH112,Desire.rar
DAZ_F_CH112,Sad1.rar
DAZ_F_CH112,Angry1.rar
DAZ_F_CH112,Fear.rar
DAZ_F_CH112,Surprised.rar
DAZ_F_CH112,Concentrate.rar
DAZ_F_CH112,Happy.rar
DAZ_F_CH042,Disgust.rar
DAZ_F_CH042,Desire.rar
DAZ_F_CH042,Sad1.rar
DAZ_F_CH042,Angry1.rar
DAZ_F_CH042,Fear.rar
DAZ_F_CH042,Surprised.rar
DAZ_F_CH042,Concentrate.rar
DAZ_F_CH042,Happy.rar
DAZ_M_CH07,Disgust.rar
DAZ_M_CH07,Desire.rar
DAZ_M_CH07,Sad1.rar
DAZ_M_CH07,Angry1.rar
DAZ_M_CH07,Fear.rar
DAZ_M_CH07,Surprised.rar
DAZ_M_CH07,Concentrate.rar
DAZ_M_CH07,Happy.rar
DAZ_M_CH17,Disgust.rar
DAZ_M_CH17,Desire.rar
DAZ_M_CH17,Sad1.rar
DAZ_M_CH17,Angry1.rar
DAZ_M_CH17,Fear.rar
DAZ_M_CH17,Surprised.rar
DAZ_M_CH17,Concentrate.rar
DAZ_M_CH17,Happy.rar
DAZ_M_CH28,Disgust.rar
DAZ_M_CH28,Desire.rar
DAZ_M_CH28,Sad1.rar
DAZ_M_CH28,Angry1.rar
DAZ_M_CH28,Fear.rar
DAZ_M_CH28,Surprised.rar
DAZ_M_CH28,Concentrate.rar
DAZ_M_CH28,Happy.rar
DAZ_M_CH15,Disgust.rar
DAZ_M_CH15,Desire.rar
DAZ_M_CH15,Sad1.rar
DAZ_M_CH15,Angry1.rar
DAZ_M_CH15,Fear.rar
DAZ_M_CH15,Surprised.rar
DAZ_M_CH15,Concentrate.rar
DAZ_M_CH15,Happy.rar
DAZ_M_CH03,Disgust.rar
DAZ_M_CH03,Desire.rar
DAZ_M_CH03,Sad1.rar
DAZ_M_CH03,Angry1.rar
DAZ_M_CH03,Fear.rar
DAZ_M_CH03,Surprised.rar
DAZ_M_CH03,Concentrate.rar
DAZ_M_CH03,Happy.rar
DAZ_M_CH29,Disgust.rar
DAZ_M_CH29,Desire.rar
DAZ_M_CH29,Sad1.rar
DAZ_M_CH29,Angry1.rar
DAZ_M_CH29,Fear.rar
DAZ_M_CH29,Surprised.rar
DAZ_M_CH29,Concentrate.rar
DAZ_M_CH29,Happy.rar
DAZ_F_CH045,Disgust.rar
DAZ_F_CH045,Desire.rar
DAZ_F_CH045,Sad1.rar
DAZ_F_CH045,Angry1.rar
DAZ_F_CH045,Fear.rar
DAZ_F_CH045,Surprised.rar
DAZ_F_CH045,Concentrate.rar
DAZ_F_CH045,Happy.rar
SCAN_M_CH08,Disgust.rar
SCAN_M_CH08,Desire.rar
SCAN_M_CH08,Sad1.rar
SCAN_M_CH08,Angry1.rar
SCAN_M_CH08,Fear.rar
SCAN_M_CH08,Surprised.rar
SCAN_M_CH08,Concentrate.rar
SCAN_M_CH08,Happy.rar
DAZ_M_CH34,Disgust.rar
DAZ_M_CH34,Desire.rar
DAZ_M_CH34,Sad1.rar
DAZ_M_CH34,Angry1.rar
DAZ_M_CH34,Fear.rar
DAZ_M_CH34,Surprised.rar
DAZ_M_CH34,Concentrate.rar
DAZ_M_CH34,Happy.rar
COMA_CH04,Disgust.rar
COMA_CH04,Desire.rar
COMA_CH04,Sad1.rar
COMA_CH04,Angry1.rar
COMA_CH04,Fear.rar
COMA_CH04,Surprised.rar
COMA_CH04,Concentrate.rar
COMA_CH04,Happy.rar
COMA_CH08,Disgust.rar
COMA_CH08,Desire.rar
COMA_CH08,Sad1.rar
COMA_CH08,Angry1.rar
COMA_CH08,Fear.rar
COMA_CH08,Surprised.rar
COMA_CH08,Concentrate.rar
COMA_CH08,Happy.rar
SCAN_M_CH05,Disgust.rar
SCAN_M_CH05,Desire.rar
SCAN_M_CH05,Sad1.rar
SCAN_M_CH05,Angry1.rar
SCAN_M_CH05,Fear.rar
SCAN_M_CH05,Surprised.rar
SCAN_M_CH05,Concentrate.rar
SCAN_M_CH05,Happy.rar
COMA_CH01,Disgust.rar
COMA_CH01,Desire.rar
COMA_CH01,Sad1.rar
COMA_CH01,Angry1.rar
COMA_CH01,Fear.rar
COMA_CH01,Surprised.rar
COMA_CH01,Concentrate.rar
COMA_CH01,Happy.rar
DAZ_F_CH116,Disgust.rar
DAZ_F_CH116,Desire.rar
DAZ_F_CH116,Sad1.rar
DAZ_F_CH116,Angry1.rar
DAZ_F_CH116,Fear.rar
DAZ_F_CH116,Surprised.rar
DAZ_F_CH116,Concentrate.rar
DAZ_F_CH116,Happy.rar
SCAN_F_CH01,Disgust.rar
SCAN_F_CH01,Desire.rar
SCAN_F_CH01,Sad1.rar
SCAN_F_CH01,Angry1.rar
SCAN_F_CH01,Fear.rar
SCAN_F_CH01,Surprised.rar
SCAN_F_CH01,Concentrate.rar
SCAN_F_CH01,Happy.rar
SCAN_F_CH04,Disgust.rar
SCAN_F_CH04,Desire.rar
SCAN_F_CH04,Sad1.rar
SCAN_F_CH04,Angry1.rar
SCAN_F_CH04,Fear.rar
SCAN_F_CH04,Surprised.rar
SCAN_F_CH04,Concentrate.rar
SCAN_F_CH04,Happy.rar
DAZ_F_CH052,Disgust.rar
DAZ_F_CH052,Desire.rar
DAZ_F_CH052,Sad1.rar
DAZ_F_CH052,Angry1.rar
DAZ_F_CH052,Fear.rar
DAZ_F_CH052,Surprised.rar
DAZ_F_CH052,Concentrate.rar
DAZ_F_CH052,Happy.rar
DAZ_M_CH21,Disgust.rar
DAZ_M_CH21,Desire.rar
DAZ_M_CH21,Sad1.rar
DAZ_M_CH21,Angry1.rar
DAZ_M_CH21,Fear.rar
DAZ_M_CH21,Surprised.rar
DAZ_M_CH21,Concentrate.rar
DAZ_M_CH21,Happy.rar
DAZ_M_CH04,Disgust.rar
DAZ_M_CH04,Desire.rar
DAZ_M_CH04,Sad1.rar
DAZ_M_CH04,Angry1.rar
DAZ_M_CH04,Fear.rar
DAZ_M_CH04,Surprised.rar
DAZ_M_CH04,Concentrate.rar
DAZ_M_CH04,Happy.rar
DAZ_F_CH051,Disgust.rar
DAZ_F_CH051,Desire.rar
DAZ_F_CH051,Sad1.rar
DAZ_F_CH051,Angry1.rar
DAZ_F_CH051,Fear.rar
DAZ_F_CH051,Surprised.rar
DAZ_F_CH051,Concentrate.rar
DAZ_F_CH051,Happy.rar
DAZ_F_CH082,Disgust.rar
DAZ_F_CH082,Desire.rar
DAZ_F_CH082,Sad1.rar
DAZ_F_CH082,Angry1.rar
DAZ_F_CH082,Fear.rar
DAZ_F_CH082,Surprised.rar
DAZ_F_CH082,Concentrate.rar
DAZ_F_CH082,Happy.rar
DAZ_M_CH20,Disgust.rar
DAZ_M_CH20,Desire.rar
DAZ_M_CH20,Sad1.rar
DAZ_M_CH20,Angry1.rar
DAZ_M_CH20,Fear.rar
DAZ_M_CH20,Surprised.rar
DAZ_M_CH20,Concentrate.rar
DAZ_M_CH20,Happy.rar
DAZ_F_CH114,Disgust.rar
DAZ_F_CH114,Desire.rar
DAZ_F_CH114,Sad1.rar
DAZ_F_CH114,Angry1.rar
DAZ_F_CH114,Fear.rar
DAZ_F_CH114,Surprised.rar
DAZ_F_CH114,Concentrate.rar
DAZ_F_CH114,Happy.rar
DAZ_F_CH023,Disgust.rar
DAZ_F_CH023,Desire.rar
DAZ_F_CH023,Sad1.rar
DAZ_F_CH023,Angry1.rar
DAZ_F_CH023,Fear.rar
DAZ_F_CH023,Surprised.rar
DAZ_F_CH023,Concentrate.rar
DAZ_F_CH023,Happy.rar
DAZ_F_CH053,Disgust.rar
DAZ_F_CH053,Desire.rar
DAZ_F_CH053,Sad1.rar
DAZ_F_CH053,Angry1.rar
DAZ_F_CH053,Fear.rar
DAZ_F_CH053,Surprised.rar
DAZ_F_CH053,Concentrate.rar
DAZ_F_CH053,Happy.rar
DAZ_M_CH18,Disgust.rar
DAZ_M_CH18,Desire.rar
DAZ_M_CH18,Sad1.rar
DAZ_M_CH18,Angry1.rar
DAZ_M_CH18,Fear.rar
DAZ_M_CH18,Surprised.rar
DAZ_M_CH18,Concentrate.rar
DAZ_M_CH18,Happy.rar
DAZ_M_CH32,Disgust.rar
DAZ_M_CH32,Desire.rar
DAZ_M_CH32,Sad1.rar
DAZ_M_CH32,Angry1.rar
DAZ_M_CH32,Fear.rar
DAZ_M_CH32,Surprised.rar
DAZ_M_CH32,Concentrate.rar
DAZ_M_CH32,Happy.rar
SCAN_M_CH10,Disgust.rar
SCAN_M_CH10,Desire.rar
SCAN_M_CH10,Sad1.rar
SCAN_M_CH10,Angry1.rar
SCAN_M_CH10,Fear.rar
SCAN_M_CH10,Surprised.rar
SCAN_M_CH10,Concentrate.rar
SCAN_M_CH10,Happy.rar
DAZ_F_CH011,Disgust.rar
DAZ_F_CH011,Desire.rar
DAZ_F_CH011,Sad1.rar
DAZ_F_CH011,Angry1.rar
DAZ_F_CH011,Fear.rar
DAZ_F_CH011,Surprised.rar
DAZ_F_CH011,Concentrate.rar
DAZ_F_CH011,Happy.rar
SCAN_M_CH11,Disgust.rar
SCAN_M_CH11,Desire.rar
SCAN_M_CH11,Sad1.rar
SCAN_M_CH11,Angry1.rar
SCAN_M_CH11,Fear.rar
SCAN_M_CH11,Surprised.rar
SCAN_M_CH11,Concentrate.rar
SCAN_M_CH11,Happy.rar
DAZ_F_CH047,Disgust.rar
DAZ_F_CH047,Desire.rar
DAZ_F_CH047,Sad1.rar
DAZ_F_CH047,Angry1.rar
DAZ_F_CH047,Fear.rar
DAZ_F_CH047,Surprised.rar
DAZ_F_CH047,Concentrate.rar
DAZ_F_CH047,Happy.rar
DAZ_F_CH041,Disgust.rar
DAZ_F_CH041,Desire.rar
DAZ_F_CH041,Sad1.rar
DAZ_F_CH041,Angry1.rar
DAZ_F_CH041,Fear.rar
DAZ_F_CH041,Surprised.rar
DAZ_F_CH041,Concentrate.rar
DAZ_F_CH041,Happy.rar
DAZ_M_CH16,Disgust.rar
DAZ_M_CH16,Desire.rar
DAZ_M_CH16,Sad1.rar
DAZ_M_CH16,Angry1.rar
DAZ_M_CH16,Fear.rar
DAZ_M_CH16,Surprised.rar
DAZ_M_CH16,Concentrate.rar
DAZ_M_CH16,Happy.rar
DAZ_M_CH27,Disgust.rar
DAZ_M_CH27,Desire.rar
DAZ_M_CH27,Sad1.rar
DAZ_M_CH27,Angry1.rar
DAZ_M_CH27,Fear.rar
DAZ_M_CH27,Surprised.rar
DAZ_M_CH27,Concentrate.rar
DAZ_M_CH27,Happy.rar
DAZ_M_CH10,Disgust.rar
DAZ_M_CH10,Desire.rar
DAZ_M_CH10,Sad1.rar
DAZ_M_CH10,Angry1.rar
DAZ_M_CH10,Fear.rar
DAZ_M_CH10,Surprised.rar
DAZ_M_CH10,Concentrate.rar
DAZ_M_CH10,Happy.rar
DAZ_F_CH039,Disgust.rar
DAZ_F_CH039,Desire.rar
DAZ_F_CH039,Sad1.rar
DAZ_F_CH039,Angry1.rar
DAZ_F_CH039,Fear.rar
DAZ_F_CH039,Surprised.rar
DAZ_F_CH039,Concentrate.rar
DAZ_F_CH039,Happy.rar
SCAN_F_CH05,Disgust.rar
SCAN_F_CH05,Desire.rar
SCAN_F_CH05,Sad1.rar
SCAN_F_CH05,Angry1.rar
SCAN_F_CH05,Fear.rar
SCAN_F_CH05,Surprised.rar
SCAN_F_CH05,Concentrate.rar
SCAN_F_CH05,Happy.rar